{"episodes": 11, "rewards": [-67.20000000000024, 151.99999999999963, -77.8000000000002, -86.79999999999997, -104.10000000000001, -114.59999999999994, -112.9000000000006, 133.8999999999992, -89.39999999999998, -102.0, -85.1999999999999], "steps": [311, 319, 287, 97, 260, 245, 1498, 630, 103, 179, 371], "success": [false, true, false, false, false, false, false, true, false, false, false]}